{
  "idSave": 1351,
  "isFirstSession": false,
  "language": "ru",
  "promptDone": false,
  "SFXVolume": 0.8917178,
  "MusicVolume": 0.5,
  "CompletionTime": 1681.19775,
  "DeathsCount": 50,
  "NextScene": "_SheepyA18",
  "PassedScenes": {
    "_SheepyA1": true,
    "_SheepyA20": true,
    "_SheepyA2": true,
    "_SheepyA3": true,
    "_SheepyA4": true,
    "_SheepyA5": true,
    "_SheepyA7": true,
    "_SheepyA9": true,
    "_SheepyA11": true,
    "_SheepyA14": true,
    "_SheepyA17": true,
    "_SheepyA19": true
  },
  "Collectables": {
    "4ea4381a-0689-4610-bf0c-487ec4bb6377": true,
    "30f1a309-a612-413c-a859-d7dd90e20301": true,
    "acfd09e0-5d6f-44fc-9c68-cf50e36d6a1c": true,
    "14a71b65-630d-4ab8-971f-1fd26dd37c37": true,
    "ad007479-07e4-4a72-813f-9eb2bb763e97": true,
    "2e1bf2f4-f13c-4bad-8aa5-ad2b083b4676": true,
    "763713c5-23d3-4432-823c-c74f8e57820a": false,
    "17a11c82-5a0d-4020-b6fe-35f7d9642972": true,
    "92698b12-97d8-4919-a4d3-ce5d50d79817": true,
    "71d42685-0683-49a9-a0d8-b40519b4fed4": false,
    "d3337560-13b4-4d7b-a912-6d46f4f9d49c": false,
    "0d537d21-c9b2-46ed-9c9a-a0ca341a9b20": false,
    "7d3002cc-d3f6-48c3-bc99-2fd51a642097": false
  }
}